Attention Is All You Need;1 Introduction;What are recurrent neural networks (RNNs) and long short-term memory (LSTM) used for?;Sequence modeling.;Attention-Is-All-You-Need 1-Introduction
Attention Is All You Need;1 Introduction;What limitation do RNNs and LSTMs have in terms of parallelization?;They have limitations in terms of parallelization.;Attention-Is-All-You-Need 1-Introduction
Attention Is All You Need;1 Introduction;What have been introduced to capture dependencies without distance constraints?;Attention mechanisms.;Attention-Is-All-You-Need 1-Introduction
Attention Is All You Need;1 Introduction;What does the Transformer model eliminate?;Recurrence.;Attention-Is-All-You-Need 1-Introduction
Attention Is All You Need;1 Introduction;What does the Transformer model rely on for global dependencies?;Attention mechanisms.;Attention-Is-All-You-Need 1-Introduction
Attention Is All You Need;1 Introduction;What are the significant capabilities of the Transformer model?;Significant parallelization capabilities.;Attention-Is-All-You-Need 1-Introduction
Attention Is All You Need;1 Introduction;What does the Transformer model achieve in terms of translation quality and training time?;State-of-the-art translation quality with shorter training time.;Attention-Is-All-You-Need 1-Introduction
Attention Is All You Need;2 Background;What are some models that aim to reduce sequential computation?;Extended Neural GPU, ByteNet, and ConvS2S.;Attention-Is-All-You-Need 2-Background
Attention Is All You Need;2 Background;How do these models compute hidden representations?;Using convolutional neural networks in parallel.;Attention-Is-All-You-Need 2-Background
Attention Is All You Need;2 Background;What issue does the Transformer face in relation to signals from distant positions?;A decrease in effective resolution.;Attention-Is-All-You-Need 2-Background
Attention Is All You Need;2 Background;How does the Transformer address the decrease in effective resolution?;By using Multi-Head Attention.;Attention-Is-All-You-Need 2-Background
Attention Is All You Need;2 Background;What is self-attention?;An attention mechanism that relates positions in a sequence.;Attention-Is-All-You-Need 2-Background
Attention Is All You Need;2 Background;What tasks has self-attention been successfully used in?;Reading comprehension and summarization.;Attention-Is-All-You-Need 2-Background
Attention Is All You Need;2 Background;How does the Transformer differ from other models?;It relies entirely on self-attention, without using RNNs or convolution.;Attention-Is-All-You-Need 2-Background
Attention Is All You Need;2 Background;How does the Transformer perform compared to end-to-end memory networks?;It outperforms them.;Attention-Is-All-You-Need 2-Background
Attention Is All You Need;2 Background;What advantage does self-attention have over other models?;This will be discussed further.;Attention-Is-All-You-Need 2-Background
Attention Is All You Need;3 Model Architecture;What is the structure of competitive neural sequence transduction models?;Encoder-decoder structure.;Attention-Is-All-You-Need 3-Model-Architecture
Attention Is All You Need;3 Model Architecture;What does the encoder do in the competitive neural sequence transduction models?;Maps input symbols to continuous representations.;Attention-Is-All-You-Need 3-Model-Architecture
Attention Is All You Need;3 Model Architecture;How does the decoder generate output symbols in the competitive neural sequence transduction models?;Based on the representations from the encoder.;Attention-Is-All-You-Need 3-Model-Architecture
Attention Is All You Need;3 Model Architecture;What does it mean for the model to be auto-regressive?;It uses previously generated symbols as input.;Attention-Is-All-You-Need 3-Model-Architecture
Attention Is All You Need;3 Model Architecture;What components does the Transformer architecture utilize for both the encoder and decoder?;Stacked self-attention and fully connected layers.;Attention-Is-All-You-Need 3-Model-Architecture
Attention Is All You Need;3 Model Architecture;Which figure provides a visual representation of the encoder and decoder components?;Figure 1.;Attention-Is-All-You-Need 3-Model-Architecture
Attention Is All You Need;3.1 Encoder and Decoder Stacks;How many layers does the encoder stack consist of?;6 layers.;Attention-Is-All-You-Need 3.1-Encoder-and-Decoder-Stacks
Attention Is All You Need;3.1 Encoder and Decoder Stacks;What types of networks are included in the encoder stack?;Multi-head self-attention and fully connected networks.;Attention-Is-All-You-Need 3.1-Encoder-and-Decoder-Stacks
Attention Is All You Need;3.1 Encoder and Decoder Stacks;How many layers does the decoder stack have?;Also 6 layers.;Attention-Is-All-You-Need 3.1-Encoder-and-Decoder-Stacks
Attention Is All You Need;3.1 Encoder and Decoder Stacks;What is the additional sub-layer in the decoder stack used for?;Multi-head attention over the encoder output.;Attention-Is-All-You-Need 3.1-Encoder-and-Decoder-Stacks
Attention Is All You Need;3.1 Encoder and Decoder Stacks;What are the two techniques used in both the encoder and decoder to optimize information flow?;Residual connections and layer normalization.;Attention-Is-All-You-Need 3.1-Encoder-and-Decoder-Stacks
Attention Is All You Need;3.1 Encoder and Decoder Stacks;How is self-attention modified in the decoder to prevent attending to subsequent positions?;It is modified to prevent attending to subsequent positions.;Attention-Is-All-You-Need 3.1-Encoder-and-Decoder-Stacks
Attention Is All You Need;3.1 Encoder and Decoder Stacks;How are output embeddings handled to ensure predictions depend on known outputs?;They are masked and offset.;Attention-Is-All-You-Need 3.1-Encoder-and-Decoder-Stacks
Attention Is All You Need;3.2 Attention;What is introduced as a concept in the text?;Attention.;Attention-Is-All-You-Need 3.2-Attention
Attention Is All You Need;3.2 Attention;How is an attention function defined?;As a mapping between a query and a set of key-value pairs.;Attention-Is-All-You-Need 3.2-Attention
Attention Is All You Need;3.2 Attention;What are the components of the attention function?;Query, key, and value.;Attention-Is-All-You-Need 3.2-Attention
Attention Is All You Need;3.2 Attention;What is the output of the attention function?;A weighted sum of the values.;Attention-Is-All-You-Need 3.2-Attention
Attention Is All You Need;3.2 Attention;How is the weight for each value determined?;By a compatibility function of the query with the corresponding key.;Attention-Is-All-You-Need 3.2-Attention
Attention Is All You Need;3.2.1 Scaled Dot-Product Attention;What is the Scaled Dot-Product Attention in the field of attention mechanisms?;The Scaled Dot-Product Attention is a method where inputs are queries, keys, and values of given dimensions.;Attention-Is-All-You-Need 3.2.1-Scaled-Dot-Product-Attention
Attention Is All You Need;3.2.1 Scaled Dot-Product Attention;What does the attention computation in Scaled Dot-Product Attention involve?;The attention computation involves the dot products of queries and keys, followed by scaling and softmax to obtain weights.;Attention-Is-All-You-Need 3.2.1-Scaled-Dot-Product-Attention
Attention Is All You Need;3.2.1 Scaled Dot-Product Attention;Is the attention computation done sequentially or simultaneously?;The attention computation can be done simultaneously on a matrix of queries, keys, and values.;Attention-Is-All-You-Need 3.2.1-Scaled-Dot-Product-Attention
Attention Is All You Need;3.2.1 Scaled Dot-Product Attention;What is an alternative method to Scaled Dot-Product Attention?;An alternative method is additive attention.;Attention-Is-All-You-Need 3.2.1-Scaled-Dot-Product-Attention
Attention Is All You Need;3.2.1 Scaled Dot-Product Attention;Which method is generally more effective, Scaled Dot-Product Attention with scaling or additive attention?;Scaled Dot-Product Attention with scaling is generally more effective, especially for larger dimensions.;Attention-Is-All-You-Need 3.2.1-Scaled-Dot-Product-Attention
Attention Is All You Need;3.2.1 Scaled Dot-Product Attention;Why is scaling necessary in Scaled Dot-Product Attention?;Scaling is necessary to prevent issues with extremely small gradients caused by large dot products.;Attention-Is-All-You-Need 3.2.1-Scaled-Dot-Product-Attention
Attention Is All You Need;3.2.2 Multi-Head Attention;What is the purpose of using multiple linear projections in multi-head attention?;The purpose is to allow the model to attend to different information subspaces at different positions.;Attention-Is-All-You-Need 3.2.2-Multi-Head-Attention
Attention Is All You Need;3.2.2 Multi-Head Attention;What is the mean and variance of the dot product of the projected keys and queries in multi-head attention?;The mean is 0 and the variance is dk.;Attention-Is-All-You-Need 3.2.2-Multi-Head-Attention
Attention Is All You Need;3.2.2 Multi-Head Attention;How is the MultiHead function represented?;The MultiHead function is represented as a concatenation of individual attention heads, each computed using different parameter matrices.;Attention-Is-All-You-Need 3.2.2-Multi-Head-Attention
Attention Is All You Need;3.2.2 Multi-Head Attention;How many parallel attention layers are there in this case?;There are 8 parallel attention layers.;Attention-Is-All-You-Need 3.2.2-Multi-Head-Attention
Attention Is All You Need;3.2.2 Multi-Head Attention;What are the values of dk, dv, and dmodel/h in this case?;dk = dv = dmodel/h = 64.;Attention-Is-All-You-Need 3.2.2-Multi-Head-Attention
Attention Is All You Need;3.2.2 Multi-Head Attention;Despite the reduction in dimension for each head, is the computational cost similar to single-head attention with full dimensionality?;Yes, the computational cost is similar to single-head attention with full dimensionality.;Attention-Is-All-You-Need 3.2.2-Multi-Head-Attention
Attention Is All You Need;3.2.3 Applications of Attention in our Model;What are the applications of attention discussed in the text?;Encoder-decoder attention layers, encoder self-attention layers, decoder self-attention layers, and preventing leftward information flow in the decoder.;Attention-Is-All-You-Need 3.2.3-Applications-of-Attention-in-our-Model
Attention Is All You Need;3.2.3 Applications of Attention in our Model;What is the purpose of the attention mechanisms described in the text?;To improve sequence-to-sequence models.;Attention-Is-All-You-Need 3.2.3-Applications-of-Attention-in-our-Model
Attention Is All You Need;3.2.3 Applications of Attention in our Model;What do the attention mechanisms allow positions in the model to do?;Attend to specific positions in the input or previous layers.;Attention-Is-All-You-Need 3.2.3-Applications-of-Attention-in-our-Model
Attention Is All You Need;3.3 Position-wise Feed-Forward Networks;What does each layer of transformer models contain in addition to attention sub-layers?;Each layer of transformer models contains a position-wise feed-forward network.;Attention-Is-All-You-Need 3.3-Position-wise-Feed-Forward-Networks
Attention Is All You Need;3.3 Position-wise Feed-Forward Networks;What does the feed-forward network in transformer models do?;The feed-forward network applies the same operations to each position separately and identically.;Attention-Is-All-You-Need 3.3-Position-wise-Feed-Forward-Networks
Attention Is All You Need;3.3 Position-wise Feed-Forward Networks;What does the feed-forward network consist of?;The feed-forward network consists of two linear transformations with a ReLU activation function in between.;Attention-Is-All-You-Need 3.3-Position-wise-Feed-Forward-Networks
Attention Is All You Need;3.3 Position-wise Feed-Forward Networks;What is the output of the first linear transformation in the feed-forward network passed through?;The output of the first linear transformation in the feed-forward network is passed through the ReLU activation function.;Attention-Is-All-You-Need 3.3-Position-wise-Feed-Forward-Networks
Attention Is All You Need;3.3 Position-wise Feed-Forward Networks;What is the dimensionality of the input and output of the feed-forward network in transformer models?;The input and output of the feed-forward network have a dimensionality of 512.;Attention-Is-All-You-Need 3.3-Position-wise-Feed-Forward-Networks
Attention Is All You Need;3.3 Position-wise Feed-Forward Networks;What is the dimensionality of the inner-layer of the feed-forward network in transformer models?;The inner-layer of the feed-forward network has a dimensionality of 2048.;Attention-Is-All-You-Need 3.3-Position-wise-Feed-Forward-Networks
Attention Is All You Need;3.3 Position-wise Feed-Forward Networks;Do the parameters of the feed-forward network vary from layer to layer in transformer models?;Yes, the parameters of the feed-forward network vary from layer to layer in transformer models.;Attention-Is-All-You-Need 3.3-Position-wise-Feed-Forward-Networks
Attention Is All You Need;3.3 Position-wise Feed-Forward Networks;How can the feed-forward network be interpreted?;The feed-forward network can be interpreted as two convolutions with a kernel size of 1. ;Attention-Is-All-You-Need 3.3-Position-wise-Feed-Forward-Networks
Attention Is All You Need;3.4 Embeddings and Softmax;In sequence transduction models, what are used to convert input and output tokens to vectors?;Learned embeddings.;Attention-Is-All-You-Need 3.4-Embeddings-and-Softmax
Attention Is All You Need;3.4 Embeddings and Softmax;What do the embedding layers and pre-softmax linear transformation share?;A weight matrix.;Attention-Is-All-You-Need 3.4-Embeddings-and-Softmax
Attention Is All You Need;3.4 Embeddings and Softmax;What is the purpose of the shared weight matrix in sequence transduction models?;Used in the embedding layers and pre-softmax linear transformation.;Attention-Is-All-You-Need 3.4-Embeddings-and-Softmax
Attention Is All You Need;3.4 Embeddings and Softmax;What is the approach mentioned in the study referenced as "(<>)24"?;A similar approach to the use of learned embeddings and a shared weight matrix in sequence transduction models.;Attention-Is-All-You-Need 3.4-Embeddings-and-Softmax
Attention Is All You Need;3.5 Positional Encoding;What are positional encodings and why are they added to input embeddings in a model without recurrence or convolution?;Positional encodings are added to encode the order of a sequence. In models without recurrence or convolution, they provide information on the position or order of the input embeddings.;Attention-Is-All-You-Need 3.5-Positional-Encoding
Attention Is All You Need;3.5 Positional Encoding;What information does a table about layer types provide in the context of positional encodings?;The table provides information on the complexity and maximum path lengths for different layer types.;Attention-Is-All-You-Need 3.5-Positional-Encoding
Attention Is All You Need;3.5 Positional Encoding;What is the dimension of positional encodings?;Positional encodings have the same dimension as the embeddings.;Attention-Is-All-You-Need 3.5-Positional-Encoding
Attention Is All You Need;3.5 Positional Encoding;Can positional encodings be learned or are they fixed?;Positional encodings can be either learned or fixed.;Attention-Is-All-You-Need 3.5-Positional-Encoding
Attention Is All You Need;3.5 Positional Encoding;What approach is used to create positional encodings in the given context?;The chosen approach involves using sine and cosine functions to create positional encodings.;Attention-Is-All-You-Need 3.5-Positional-Encoding
Attention Is All You Need;3.5 Positional Encoding;Why was the sinusoidal version of positional encodings chosen over learned positional embeddings?;The sinusoidal version was chosen for its potential to handle longer sequence lengths and allow the model to easily learn to attend by relative positions.;Attention-Is-All-You-Need 3.5-Positional-Encoding
Attention Is All You Need;4 Why Self-Attention;What is the purpose of the introduction?;To discuss the comparison between self-attention layers, recurrent layers, and convolutional layers used for mapping sequences.;Attention-Is-All-You-Need 4-Why-Self-Attention
Attention Is All You Need;4 Why Self-Attention;What are the three desiderata that motivate the use of self-attention?;Computational complexity, parallelizability, and path length between long-range dependencies.;Attention-Is-All-You-Need 4-Why-Self-Attention
Attention Is All You Need;4 Why Self-Attention;What advantage do self-attention layers have over recurrent layers for shorter sequences?;Faster computational complexity.;Attention-Is-All-You-Need 4-Why-Self-Attention
Attention Is All You Need;4 Why Self-Attention;In what case can self-attention be restricted?;For very long sequences.;Attention-Is-All-You-Need 4-Why-Self-Attention
Attention Is All You Need;4 Why Self-Attention;What is the requirement for convolutional layers to connect all input and output positions?;A stack of layers.;Attention-Is-All-You-Need 4-Why-Self-Attention
Attention Is All You Need;4 Why Self-Attention;What benefit does self-attention provide in terms of model interpretability?;It can lead to more interpretable models by providing insights into sentence structure.;Attention-Is-All-You-Need 4-Why-Self-Attention
Attention Is All You Need;5 Training;What is briefly mentioned in the text?;A training regime for the models.;Attention-Is-All-You-Need 5-Training
Attention Is All You Need;5 Training;Is there any specific information provided about the training regime?;No, there are no specific details given.;Attention-Is-All-You-Need 5-Training
Attention Is All You Need;5.1 Training Data and Batching;How many sentence pairs were used for English-German translation?;Approximately 4.5 million.;Attention-Is-All-You-Need 5.1-Training-Data-and-Batching
Attention Is All You Need;5.1 Training Data and Batching;What encoding method was used for the sentence pairs?;Byte-pair encoding.;Attention-Is-All-You-Need 5.1-Training-Data-and-Batching
Attention Is All You Need;5.1 Training Data and Batching;What is the approximate vocabulary size for English-German translation?;Around 37,000 tokens.;Attention-Is-All-You-Need 5.1-Training-Data-and-Batching
Attention Is All You Need;5.1 Training Data and Batching;How many sentences were used for English-French translation?;36 million.;Attention-Is-All-You-Need 5.1-Training-Data-and-Batching
Attention Is All You Need;5.1 Training Data and Batching;What is the vocabulary size for English-French translation?;32,000 tokens.;Attention-Is-All-You-Need 5.1-Training-Data-and-Batching
Attention Is All You Need;5.1 Training Data and Batching;How were the sentence pairs batched together during training?;Based on sequence length.;Attention-Is-All-You-Need 5.1-Training-Data-and-Batching
Attention Is All You Need;5.1 Training Data and Batching;What is the token count per training batch?;Approximately 25,000 source tokens and 25,000 target tokens.;Attention-Is-All-You-Need 5.1-Training-Data-and-Batching
Attention Is All You Need;5.2 Hardware and Schedule;How many NVIDIA P100 GPUs were used on the machine for training the models?;8 GPUs.;Attention-Is-All-You-Need 5.2-Hardware-and-Schedule
Attention Is All You Need;5.2 Hardware and Schedule;How long did the training step for the base models take?;0.4 seconds each.;Attention-Is-All-You-Need 5.2-Hardware-and-Schedule
Attention Is All You Need;5.2 Hardware and Schedule;How many steps did the training for the base models last?;100,000 steps.;Attention-Is-All-You-Need 5.2-Hardware-and-Schedule
Attention Is All You Need;5.2 Hardware and Schedule;How long did the training for the base models last in hours?;12 hours.;Attention-Is-All-You-Need 5.2-Hardware-and-Schedule
Attention Is All You Need;5.2 Hardware and Schedule;What was the step time for the big models during training?;1.0 seconds.;Attention-Is-All-You-Need 5.2-Hardware-and-Schedule
Attention Is All You Need;5.2 Hardware and Schedule;How many steps were the big models trained for?;300,000 steps.;Attention-Is-All-You-Need 5.2-Hardware-and-Schedule
Attention Is All You Need;5.2 Hardware and Schedule;How long did the training for the big models last in days?;3.5 days.;Attention-Is-All-You-Need 5.2-Hardware-and-Schedule
Attention Is All You Need;5.3 Optimizer;What optimizer did we use for our training?;We used the Adam optimizer.;Attention-Is-All-You-Need 5.3-Optimizer
Attention Is All You Need;5.3 Optimizer;How was the learning rate determined?;The learning rate was determined by a formula that increases linearly for a certain number of steps and then decreases proportionally to the inverse square root of the step number.;Attention-Is-All-You-Need 5.3-Optimizer
Attention Is All You Need;5.3 Optimizer;What was the warm-up step value?;We used a warm-up step value of 4000.;Attention-Is-All-You-Need 5.3-Optimizer
Attention Is All You Need;5.4 Regularization;What regularization techniques are applied during training to improve performance?;Residual Dropout and Dropout.;Attention-Is-All-You-Need 5.4-Regularization
Attention Is All You Need;5.4 Regularization;What is the benefit of using the Transformer model compared to previous models?;It achieves better BLEU scores while requiring less training cost.;Attention-Is-All-You-Need 5.4-Regularization
Attention Is All You Need;5.4 Regularization;What is the purpose of using label smoothing during training?;To improve accuracy and BLEU score, despite potentially increasing perplexity.;Attention-Is-All-You-Need 5.4-Regularization
Attention Is All You Need;6 Results;What tasks does the big transformer model achieve state-of-the-art results in?;Machine translation tasks in English-to-German and English-to-French.;Attention-Is-All-You-Need 6-Results
Attention Is All You Need;6 Results;What does the big transformer model outperform at a lower training cost?;Previous models and ensembles.;Attention-Is-All-You-Need 6-Results
Attention Is All You Need;6 Results;What is described regarding the final model?;The process of obtaining it, details on hyperparameters, and inference.;Attention-Is-All-You-Need 6-Results
Attention Is All You Need;6 Results;What does Table 2 summarize?;The results and comparisons of the big transformer model to other model architectures.;Attention-Is-All-You-Need 6-Results
Attention Is All You Need;6 Results;What is explained regarding the training process of the big transformer model?;The estimation of floating point operations for training.;Attention-Is-All-You-Need 6-Results
Attention Is All You Need;6.2 Model Variations;What did the study evaluate regarding the Transformer model and English-to-German translation?;The study evaluated the importance of different components of the Transformer model for English-to-German translation.;Attention-Is-All-You-Need 6.2-Model-Variations
Attention Is All You Need;6.2 Model Variations;How did the study vary the model and measure the change in performance?;The study varied the model in different ways and measured the change in performance using beam search.;Attention-Is-All-You-Need 6.2-Model-Variations
Attention Is All You Need;6.2 Model Variations;What did variations in attention heads and dimensions reveal about model quality?;Variations in attention heads and dimensions showed that having too few or too many heads decreases quality.;Attention-Is-All-You-Need 6.2-Model-Variations
Attention Is All You Need;6.2 Model Variations;What performance metrics are listed in Table 3?;The performance metrics are listed in Table 3.;Attention-Is-All-You-Need 6.2-Model-Variations
Attention Is All You Need;6.2 Model Variations;What did further variations in model parameters reveal about model quality?;Further variations in model parameters showed that reducing key size hurts model quality, bigger models perform better, and dropout helps avoid overfitting.;Attention-Is-All-You-Need 6.2-Model-Variations
Attention Is All You Need;6.2 Model Variations;What were the results when positional encoding was replaced with learned embeddings?;When positional encoding was replaced with learned embeddings, similar results to the base model were observed.;Attention-Is-All-You-Need 6.2-Model-Variations
Attention Is All You Need;7 Conclusion;What is the Transformer model based on?;Attention.;Attention-Is-All-You-Need 7-Conclusion
Attention Is All You Need;7 Conclusion;What does the Transformer model replace recurrent layers with?;Multi-headed self-attention.;Attention-Is-All-You-Need 7-Conclusion
Attention Is All You Need;7 Conclusion;What is the advantage of training the Transformer model?;It can be trained faster.;Attention-Is-All-You-Need 7-Conclusion
Attention Is All You Need;7 Conclusion;What type of tasks does the Transformer model achieve state-of-the-art performance in?;Translation tasks.;Attention-Is-All-You-Need 7-Conclusion
Attention Is All You Need;7 Conclusion;What are the future plans for the Transformer model?;Applying attention-based models to other tasks, handling input and output modalities beyond text, investigating efficient attention mechanisms, and improving generation.;Attention-Is-All-You-Need 7-Conclusion
Attention Is All You Need;7 Conclusion;Where can the code for the Transformer model be found?;On GitHub.;Attention-Is-All-You-Need 7-Conclusion
Attention Is All You Need;7 Conclusion;Who are the individuals acknowledged by the authors for their contributions?;Nal Kalchbrenner and Stephan Gouws.;Attention-Is-All-You-Need 7-Conclusion
