Attention Is All You Need;1 Introduction;What are established as state-of-the-art approaches in sequence modeling and transduction problems?;Recurrent neural networks (RNNs), long short-term memory (LSTM), and gated recurrent neural networks.;Attention-Is-All-You-Need 1-Introduction
Attention Is All You Need;1 Introduction;What is mentioned regarding recurrent language models and encoder-decoder architectures?;Various efforts to push their boundaries.;Attention-Is-All-You-Need 1-Introduction
Attention Is All You Need;1 Introduction;What is the purpose of recurrent neural networks, long short-term memory, and gated recurrent neural networks?;To serve as state-of-the-art approaches in sequence modeling and transduction problems.;Attention-Is-All-You-Need 1-Introduction
Attention Is All You Need;1 Introduction;What type of problems are the mentioned neural network approaches used for?;Sequence modeling and transduction problems.;Attention-Is-All-You-Need 1-Introduction
Attention Is All You Need;1 Introduction;What is the focus of the mentioned efforts?;Pushing the boundaries of recurrent language models and encoder-decoder architectures.;Attention-Is-All-You-Need 1-Introduction
Attention Is All You Need;1 Introduction;What does this section describe?;The equal contributions and involvement of different individuals in the development and evaluation of the proposed idea.;Attention-Is-All-You-Need 1-Introduction
Attention Is All You Need;1 Introduction;Which organizations are mentioned in relation to the individuals involved?;Google Brain and Google Research.;Attention-Is-All-You-Need 1-Introduction
Attention Is All You Need;1 Introduction;What information does this section provide about the conference?;It provides information about the conference where this work was presented.;Attention-Is-All-You-Need 1-Introduction
Attention Is All You Need;1 Introduction;What is explained in this section?;The sequential nature of recurrent models and their difficulty in parallelization, especially with longer sequence lengths.;Attention-Is-All-You-Need 1-Introduction
Attention Is All You Need;1 Introduction;What are the recent efforts mentioned to improve computational efficiency?;Factorization tricks and conditional computation.;Attention-Is-All-You-Need 1-Introduction
Attention Is All You Need;1 Introduction;Despite recent efforts, what constraint still remains for recurrent models?;Sequential computation.;Attention-Is-All-You-Need 1-Introduction
Attention Is All You Need;1 Introduction;What is the focus of this topic?;Attention mechanisms in sequence modeling.;Attention-Is-All-You-Need 1-Introduction
Attention Is All You Need;1 Introduction;What is the purpose of attention mechanisms in sequence modeling?;To capture dependencies without regard to the distance between elements.;Attention-Is-All-You-Need 1-Introduction
Attention Is All You Need;1 Introduction;What is the common pairing of attention mechanisms in sequence modeling?;With recurrent networks.;Attention-Is-All-You-Need 1-Introduction
Attention Is All You Need;1 Introduction;Are there any exceptions to the usual combination of attention mechanisms with recurrent networks?;Yes, except for a few cases.;Attention-Is-All-You-Need 1-Introduction
Attention Is All You Need;1 Introduction;What does the Transformer model architecture eliminate?;Recurrence.;Attention-Is-All-You-Need 1-Introduction
Attention Is All You Need;1 Introduction;What does the Transformer model rely on to establish global dependencies between input and output?;An attention mechanism.;Attention-Is-All-You-Need 1-Introduction
Attention Is All You Need;1 Introduction;What are the significant capabilities of the Transformer model?;Significant parallelization capabilities.;Attention-Is-All-You-Need 1-Introduction
Attention Is All You Need;1 Introduction;What can the Transformer model achieve in terms of translation quality?;State-of-the-art translation quality.;Attention-Is-All-You-Need 1-Introduction
Attention Is All You Need;1 Introduction;How long does it take to train the Transformer model to achieve its translation quality?;Relatively short training time.;Attention-Is-All-You-Need 1-Introduction
Attention Is All You Need;2 Background;What is the foundation of models like Extended Neural GPU, ByteNet, and ConvS2S?;The goal of reducing sequential computation.;Attention-Is-All-You-Need 2-Background
Attention Is All You Need;2 Background;What do these models use to compute hidden representations in parallel for all input and output positions?;Convolutional neural networks.;Attention-Is-All-You-Need 2-Background
Attention Is All You Need;2 Background;How does the Transformer compare to ConvS2S and ByteNet in terms of the number of operations required to relate signals from distant positions?;The Transformer reduces the number of operations required.;Attention-Is-All-You-Need 2-Background
Attention Is All You Need;2 Background;What is the effect of the reduction in operations in the Transformer?;It leads to a decrease in effective resolution.;Attention-Is-All-You-Need 2-Background
Attention Is All You Need;2 Background;How is the decrease in effective resolution countered in the Transformer?;It is countered by Multi-Head Attention.;Attention-Is-All-You-Need 2-Background
Attention Is All You Need;2 Background;What is self-attention mechanism also known as?;Intra-attention.;Attention-Is-All-You-Need 2-Background
Attention Is All You Need;2 Background;What does the self-attention mechanism do?;Relates different positions within a single sequence to compute a representation of the sequence.;Attention-Is-All-You-Need 2-Background
Attention Is All You Need;2 Background;Name some tasks in which self-attention has been successfully used.;Reading comprehension, abstractive summarization, textual entailment, and learning task-independent sentence representations.;Attention-Is-All-You-Need 2-Background
Attention Is All You Need;2 Background;What kind of mechanism is used by end-to-end memory networks?;Recurrent attention mechanism.;Attention-Is-All-You-Need 2-Background
Attention Is All You Need;2 Background;What kind of tasks have end-to-end memory networks performed well on?;Simple-language question answering and language modeling.;Attention-Is-All-You-Need 2-Background
Attention Is All You Need;2 Background;What is the Transformer model known for?;Being the first transduction model that relies entirely on self-attention.;Attention-Is-All-You-Need 2-Background
Attention Is All You Need;2 Background;How does the Transformer compute representations of input and output?;By using self-attention, without RNNs or convolution.;Attention-Is-All-You-Need 2-Background
Attention Is All You Need;2 Background;Which models are self-attention advantages discussed in comparison to?;Extended Neural GPU, ByteNet, and ConvS2S.;Attention-Is-All-You-Need 2-Background
Attention Is All You Need;3 Model Architecture;What is the typical structure of neural sequence transduction models?;Encoder-decoder structure.;Attention-Is-All-You-Need 3-Model-Architecture
Attention Is All You Need;3 Model Architecture;What does the encoder do in a neural sequence transduction model?;Maps an input sequence of symbol representations to a sequence of continuous representations.;Attention-Is-All-You-Need 3-Model-Architecture
Attention Is All You Need;3 Model Architecture;What does the decoder do in a neural sequence transduction model?;Generates an output sequence of symbols based on the continuous representations.;Attention-Is-All-You-Need 3-Model-Architecture
Attention Is All You Need;3 Model Architecture;How does the model generate the next symbol in a neural sequence transduction model?;By using previously generated symbols as additional input.;Attention-Is-All-You-Need 3-Model-Architecture
Attention Is All You Need;3 Model Architecture;What is the term used to describe a model that uses previously generated symbols as input?;Auto-regressive.;Attention-Is-All-You-Need 3-Model-Architecture
Attention Is All You Need;3 Model Architecture;What architecture does the Transformer follow?;The general encoder-decoder structure.;Attention-Is-All-You-Need 3-Model-Architecture
Attention Is All You Need;3 Model Architecture;What components does the Transformer utilize for both the encoder and decoder?;Stacked self-attention and point-wise, fully connected layers.;Attention-Is-All-You-Need 3-Model-Architecture
Attention Is All You Need;3 Model Architecture;Can you describe Figure 1?;It shows the visual representation of the encoder and decoder components of the Transformer.;Attention-Is-All-You-Need 3-Model-Architecture
Attention Is All You Need;3.1 Encoder and Decoder Stacks;How many layers are there in the encoder stack?;N = 6;Attention-Is-All-You-Need 3.1-Encoder-and-Decoder-Stacks
Attention Is All You Need;3.1 Encoder and Decoder Stacks;What are the two sub-layers in each layer of the encoder stack?;Multi-head self-attention mechanism and position-wise fully connected feed-forward network;Attention-Is-All-You-Need 3.1-Encoder-and-Decoder-Stacks
Attention Is All You Need;3.1 Encoder and Decoder Stacks;What is employed around each sub-layer in the encoder stack?;Residual connections and layer normalization;Attention-Is-All-You-Need 3.1-Encoder-and-Decoder-Stacks
Attention Is All You Need;3.1 Encoder and Decoder Stacks;What is the output dimension of all sub-layers and embedding layers in the encoder stack?;dmodel = 512;Attention-Is-All-You-Need 3.1-Encoder-and-Decoder-Stacks
Attention Is All You Need;3.1 Encoder and Decoder Stacks;How many layers does the decoder stack consist of?;N = 6 identical layers.;Attention-Is-All-You-Need 3.1-Encoder-and-Decoder-Stacks
Attention Is All You Need;3.1 Encoder and Decoder Stacks;How many sub-layers does the decoder have?;Three sub-layers.;Attention-Is-All-You-Need 3.1-Encoder-and-Decoder-Stacks
Attention Is All You Need;3.1 Encoder and Decoder Stacks;What does the third sub-layer in the decoder perform?;Multi-head attention over the output of the encoder stack.;Attention-Is-All-You-Need 3.1-Encoder-and-Decoder-Stacks
Attention Is All You Need;3.1 Encoder and Decoder Stacks;What are used around each sub-layer in the decoder?;Residual connections and layer normalization.;Attention-Is-All-You-Need 3.1-Encoder-and-Decoder-Stacks
Attention Is All You Need;3.1 Encoder and Decoder Stacks;How is the self-attention sub-layer in the decoder modified?;To prevent positions from attending to subsequent positions.;Attention-Is-All-You-Need 3.1-Encoder-and-Decoder-Stacks
Attention Is All You Need;3.1 Encoder and Decoder Stacks;What do masking and offsetting of output embeddings ensure in the decoder?;Predictions for a position depend only on known outputs at positions less than that position.;Attention-Is-All-You-Need 3.1-Encoder-and-Decoder-Stacks
Attention Is All You Need;3.2 Attention;What does the text introduce?;The concept of attention.;Attention-Is-All-You-Need 3.2-Attention
Attention Is All You Need;3.2 Attention;How is an attention function defined?;As a mapping between a query and a set of key-value pairs.;Attention-Is-All-You-Need 3.2-Attention
Attention Is All You Need;3.2 Attention;What are the components that are represented as vectors in an attention function?;The query, keys, values, and output.;Attention-Is-All-You-Need 3.2-Attention
Attention Is All You Need;3.2 Attention;What is the purpose of the query in an attention function?;To map it to a set of key-value pairs.;Attention-Is-All-You-Need 3.2-Attention
Attention Is All You Need;3.2 Attention;What are the components that the query is mapped to in an attention function?;The key-value pairs.;Attention-Is-All-You-Need 3.2-Attention
Attention Is All You Need;3.2 Attention;What are the components that the query in an attention function is dependent on?;The key-value pairs.;Attention-Is-All-You-Need 3.2-Attention
Attention Is All You Need;3.2 Attention;What is the output of an attention function represented as?;A vector.;Attention-Is-All-You-Need 3.2-Attention
Attention Is All You Need;3.2 Attention;How is the output computed?;As a weighted sum of the values.;Attention-Is-All-You-Need 3.2-Attention
Attention Is All You Need;3.2 Attention;What determines the weight assigned to each value?;A compatibility function of the query with the corresponding key.;Attention-Is-All-You-Need 3.2-Attention
Attention Is All You Need;3.2.1 Scaled Dot-Product Attention;What is the name of the attention mechanism discussed in the text?;Scaled Dot-Product Attention.;Attention-Is-All-You-Need 3.2.1-Scaled-Dot-Product-Attention
Attention Is All You Need;3.2.1 Scaled Dot-Product Attention;What are the components of the input in the Scaled Dot-Product Attention mechanism?;The input consists of queries and keys of dimension \({dk}\), and values of dimension \({dv}\).;Attention-Is-All-You-Need 3.2.1-Scaled-Dot-Product-Attention
Attention Is All You Need;3.2.1 Scaled Dot-Product Attention;How do we compute the dot products of the query with all keys?;We compute the dot products of the query with all keys.;Attention-Is-All-You-Need 3.2.1-Scaled-Dot-Product-Attention
Attention Is All You Need;3.2.1 Scaled Dot-Product Attention;What do we do after computing the dot products of the query with all keys?;We divide each dot product by \({dk}\).;Attention-Is-All-You-Need 3.2.1-Scaled-Dot-Product-Attention
Attention Is All You Need;3.2.1 Scaled Dot-Product Attention;What function do we apply to the divided dot products to obtain weights on the values?;We apply a softmax function to the divided dot products to obtain weights on the values.;Attention-Is-All-You-Need 3.2.1-Scaled-Dot-Product-Attention
Attention Is All You Need;3.2.1 Scaled Dot-Product Attention;How is the attention function computed in practice?;In practice, the attention function is computed on a set of queries simultaneously, packed together into a matrix \({Q}\).;Attention-Is-All-You-Need 3.2.1-Scaled-Dot-Product-Attention
Attention Is All You Need;3.2.1 Scaled Dot-Product Attention;How are the keys and values represented in the computation of the attention function?;The keys and values are packed together into matrices \({K}\) and \({V}\) respectively.;Attention-Is-All-You-Need 3.2.1-Scaled-Dot-Product-Attention
Attention Is All You Need;3.2.1 Scaled Dot-Product Attention;What is the formula for computing the matrix of outputs in the attention function?;The matrix of outputs is computed using the formula: \(\operatorname{Attention}(Q, K, V) = \operatorname{softmax}\left(\frac{QK^{T}}{\sqrt{d_k}}\right) V\);Attention-Is-All-You-Need 3.2.1-Scaled-Dot-Product-Attention
Attention Is All You Need;3.2.1 Scaled Dot-Product Attention;What are the two most commonly used attention functions?;The two most commonly used attention functions are additive attention and dot-product (multiplicative) attention.;Attention-Is-All-You-Need 3.2.1-Scaled-Dot-Product-Attention
Attention Is All You Need;3.2.1 Scaled Dot-Product Attention;How does dot-product attention differ from the algorithm mentioned?;Dot-product attention is identical to the algorithm, except for the scaling factor of \({\frac{1}{\sqrt{d_{k}}}}\).;Attention-Is-All-You-Need 3.2.1-Scaled-Dot-Product-Attention
Attention Is All You Need;3.2.1 Scaled Dot-Product Attention;How does additive attention compute the compatibility function?;Additive attention computes the compatibility function using a feed-forward network with a single hidden layer.;Attention-Is-All-You-Need 3.2.1-Scaled-Dot-Product-Attention
Attention Is All You Need;3.2.1 Scaled Dot-Product Attention;Is additive attention or dot-product attention without scaling better for larger values of \({d_{k}}\)?;Additive attention outperforms dot-product attention without scaling for larger values of \({d_{k}}\).;Attention-Is-All-You-Need 3.2.1-Scaled-Dot-Product-Attention
Attention Is All You Need;3.2.1 Scaled Dot-Product Attention;What are the potential issues with dot-product attention?;For large values of \({d_{k}}\), the dot products grow large in magnitude, pushing the softmax function into regions where it has extremely small gradients.;Attention-Is-All-You-Need 3.2.1-Scaled-Dot-Product-Attention
Attention Is All You Need;3.2.1 Scaled Dot-Product Attention;How do we counteract the potential issues with dot-product attention?;To counteract this effect, we scale the dot products by \({d_{k}}.;Attention-Is-All-You-Need 3.2.1-Scaled-Dot-Product-Attention
Attention Is All You Need;3.2.2 Multi-Head Attention;What is the purpose of Multi-Head Attention?;Instead of performing a single attention function, Multi-Head Attention linearly projects keys, values, and queries multiple times to attend to different representation subspaces at different positions.;Attention-Is-All-You-Need 3.2.2-Multi-Head-Attention
Attention Is All You Need;3.2.2 Multi-Head Attention;How are the keys, values, and queries linearly projected in Multi-Head Attention?;They are linearly projected h times with different learned linear projections.;Attention-Is-All-You-Need 3.2.2-Multi-Head-Attention
Attention Is All You Need;3.2.2 Multi-Head Attention;What are the resulting output values in Multi-Head Attention?;The attention function in Multi-Head Attention produces dv-dimensional output values.;Attention-Is-All-You-Need 3.2.2-Multi-Head-Attention
Attention Is All You Need;3.2.2 Multi-Head Attention;What does Multi-Head Attention allow the model to do?;Multi-Head Attention allows the model to jointly attend to information from different representation subspaces at different positions.;Attention-Is-All-You-Need 3.2.2-Multi-Head-Attention
Attention Is All You Need;3.2.2 Multi-Head Attention;How can the dot product be computed between two vectors q and k?;The dot product, q · k = \({ }_{i=1}^{d_{k}} q_{i} k_{i}\).;Attention-Is-All-You-Need 3.2.2-Multi-Head-Attention
Attention Is All You Need;3.2.2 Multi-Head Attention;What is the mean of the dot product?;The dot product has a mean of 0.;Attention-Is-All-You-Need 3.2.2-Multi-Head-Attention
Attention Is All You Need;3.2.2 Multi-Head Attention;What is the variance of the dot product?;The dot product has a variance of dk.;Attention-Is-All-You-Need 3.2.2-Multi-Head-Attention
Attention Is All You Need;3.2.2 Multi-Head Attention;In the context of dot products, what assumption is made about the components of q and k?;The assumption is that the components of q and k are independent random variables with mean 0 and variance.;Attention-Is-All-You-Need 3.2.2-Multi-Head-Attention
Attention Is All You Need;3.2.2 Multi-Head Attention;How is the MultiHead function represented mathematically?;The MultiHead function is represented as \(\operatorname{MultiHead}(Q, K, V)=\operatorname{Concat}(\text{head}_1, ..., \text{head}_h) W^O\).;Attention-Is-All-You-Need 3.2.2-Multi-Head-Attention
Attention Is All You Need;3.2.2 Multi-Head Attention;How is each head computed in the MultiHead function?;Each head is computed as \(\text{head}_i = \operatorname{Attention}(Q W_i^Q, K W_i^K, V W_i^V)\).;Attention-Is-All-You-Need 3.2.2-Multi-Head-Attention
Attention Is All You Need;3.2.2 Multi-Head Attention;What are the parameter matrices for the projections in the MultiHead function?;The parameter matrices for the projections are denoted as \(W_i^Q \in \mathbb{R}^{d_{\text {model }} \times d_{k}}, W_i^K \in \mathbb{R}^{d_{\text {model }} \times d_{k}}, W_i^V \in \mathbb{R}^{d_{\text {model }} \times d_{v}}\).;Attention-Is-All-You-Need 3.2.2-Multi-Head-Attention
Attention Is All You Need;3.2.2 Multi-Head Attention;How is the final projection matrix represented in the MultiHead function?;The final projection matrix is represented as \(W^O \in \mathbb{R}^{d_v \times d_{\text{model}}}\).;Attention-Is-All-You-Need 3.2.2-Multi-Head-Attention
Attention Is All You Need;3.2.2 Multi-Head Attention;How many parallel attention layers, or heads, are employed in this work?;h = 8 parallel attention layers, or heads, are employed.;Attention-Is-All-You-Need 3.2.2-Multi-Head-Attention
Attention Is All You Need;3.2.2 Multi-Head Attention;What is the value of dk used for each head in the multi-head attention?;Each head uses dk = 64.;Attention-Is-All-You-Need 3.2.2-Multi-Head-Attention
Attention Is All You Need;3.2.2 Multi-Head Attention;What is the value of dv used for each head in the multi-head attention?;Each head uses dv = 64.;Attention-Is-All-You-Need 3.2.2-Multi-Head-Attention
Attention Is All You Need;3.2.2 Multi-Head Attention;What is the value of dmodel divided by h in the multi-head attention?;dmodel/h = 64.;Attention-Is-All-You-Need 3.2.2-Multi-Head-Attention
Attention Is All You Need;3.2.2 Multi-Head Attention;What is the implication of reducing the dimension of each head in the multi-head attention?;Due to the reduced dimension of each head, the total computational cost is similar to that of single-head attention with full dimensionality.;Attention-Is-All-You-Need 3.2.2-Multi-Head-Attention
Attention Is All You Need;3.2.3 Applications of Attention in our Model;What does the text discuss?;The applications of attention in the model.;Attention-Is-All-You-Need 3.2.3-Applications-of-Attention-in-our-Model
Attention Is All You Need;3.2.3 Applications of Attention in our Model;What are the components involved in encoder-decoder attention layers?;Queries from the previous decoder layer and memory keys and values from the output of the encoder.;Attention-Is-All-You-Need 3.2.3-Applications-of-Attention-in-our-Model
Attention Is All You Need;3.2.3 Applications of Attention in our Model;What does the involvement of these components allow each position in the decoder to do?;Attend to all positions in the input sequence.;Attention-Is-All-You-Need 3.2.3-Applications-of-Attention-in-our-Model
Attention Is All You Need;3.2.3 Applications of Attention in our Model;What do these encoder-decoder attention layers mimic?;The typical encoder-decoder attention mechanisms in sequence-to-sequence models.;Attention-Is-All-You-Need 3.2.3-Applications-of-Attention-in-our-Model
Attention Is All You Need;3.2.3 Applications of Attention in our Model;What does the encoder contain in addition to other components?;Self-attention layers.;Attention-Is-All-You-Need 3.2.3-Applications-of-Attention-in-our-Model
Attention Is All You Need;3.2.3 Applications of Attention in our Model;Where do the keys, values, and queries come from in the self-attention layers of the encoder?;The output of the previous layer in the encoder.;Attention-Is-All-You-Need 3.2.3-Applications-of-Attention-in-our-Model
Attention Is All You Need;3.2.3 Applications of Attention in our Model;What is the extent of the attending capability of each position in the encoder?;Each position can attend to all positions in the previous layer of the encoder.;Attention-Is-All-You-Need 3.2.3-Applications-of-Attention-in-our-Model
Attention Is All You Need;3.2.3 Applications of Attention in our Model;What is the function of the decoder self-attention layers?;To allow each position in the decoder to attend to all positions in the decoder up to and including that position.;Attention-Is-All-You-Need 3.2.3-Applications-of-Attention-in-our-Model
Attention Is All You Need;3.2.3 Applications of Attention in our Model;How are the decoder self-attention layers similar to the encoder self-attention layers?;They both allow attention from one position to all positions.;Attention-Is-All-You-Need 3.2.3-Applications-of-Attention-in-our-Model
Attention Is All You Need;3.2.3 Applications of Attention in our Model;What does each position in the decoder attend to in the decoder self-attention layers?;All positions in the decoder up to and including that position.;Attention-Is-All-You-Need 3.2.3-Applications-of-Attention-in-our-Model
Attention Is All You Need;3.2.3 Applications of Attention in our Model;What property needs to be preserved in the decoder?;The auto-regressive property.;Attention-Is-All-You-Need 3.2.3-Applications-of-Attention-in-our-Model
Attention Is All You Need;3.2.3 Applications of Attention in our Model;How is leftward information flow prevented?;By masking out values in the input of the softmax that correspond to illegal connections.;Attention-Is-All-You-Need 3.2.3-Applications-of-Attention-in-our-Model
Attention Is All You Need;3.2.3 Applications of Attention in our Model;In which component is the prevention of leftward information flow implemented?;Inside scaled dot-product attention.;Attention-Is-All-You-Need 3.2.3-Applications-of-Attention-in-our-Model
Attention Is All You Need;3.2.3 Applications of Attention in our Model;What does the masking out of values in the input of the softmax accomplish?;It prevents leftward information flow.;Attention-Is-All-You-Need 3.2.3-Applications-of-Attention-in-our-Model
Attention Is All You Need;3.2.3 Applications of Attention in our Model;What are some specific details mentioned related to preventing leftward information flow?;The specific details are not specified in the text. Refer to the reference figure for more information.;Attention-Is-All-You-Need 3.2.3-Applications-of-Attention-in-our-Model
Attention Is All You Need;3.3 Position-wise Feed-Forward Networks;What additional component do each layer in the encoder and decoder of the system contain?;Each layer contains a fully connected feed-forward network.;Attention-Is-All-You-Need 3.3-Position-wise-Feed-Forward-Networks
Attention Is All You Need;3.3 Position-wise Feed-Forward Networks;How is the feed-forward network applied in each position?;The feed-forward network is applied to each position separately and identically.;Attention-Is-All-You-Need 3.3-Position-wise-Feed-Forward-Networks
Attention Is All You Need;3.3 Position-wise Feed-Forward Networks;What does the feed-forward network consist of?;The feed-forward network consists of two linear transformations with a ReLU activation in between.;Attention-Is-All-You-Need 3.3-Position-wise-Feed-Forward-Networks
Attention Is All You Need;3.3 Position-wise Feed-Forward Networks;How can the feed-forward network be represented mathematically?;The feed-forward network can be represented by the equation: \(\operatorname{FFN}(x)=\max \left(0, x W_{1}+b_{1}\right) W_{2}+b_{2}\).;Attention-Is-All-You-Need 3.3-Position-wise-Feed-Forward-Networks
Attention Is All You Need;3.3 Position-wise Feed-Forward Networks;What does the equation represent?;The equation represents the feed-forward network function \(\operatorname{FFN}(x)\).;Attention-Is-All-You-Need 3.3-Position-wise-Feed-Forward-Networks
Attention Is All You Need;3.3 Position-wise Feed-Forward Networks;How many linear transformations does the equation consist of?;The equation consists of two linear transformations. ;Attention-Is-All-You-Need 3.3-Position-wise-Feed-Forward-Networks
Attention Is All You Need;3.3 Position-wise Feed-Forward Networks;What is the first linear transformation in the equation?;The first linear transformation is given by: \(x W_{1}+b_{1}\).;Attention-Is-All-You-Need 3.3-Position-wise-Feed-Forward-Networks
Attention Is All You Need;3.3 Position-wise Feed-Forward Networks;What activation function is applied element-wise to the output of the first linear transformation?;The ReLU activation function \(\max(0, \cdot)\) is applied element-wise to the output of the first linear transformation.;Attention-Is-All-You-Need 3.3-Position-wise-Feed-Forward-Networks
Attention Is All You Need;3.3 Position-wise Feed-Forward Networks;What is the second linear transformation in the equation?;The second linear transformation is given by: output of ReLU activation function \(\times W_{2}+b_{2}\).;Attention-Is-All-You-Need 3.3-Position-wise-Feed-Forward-Networks
Attention Is All You Need;3.3 Position-wise Feed-Forward Networks;Do linear transformations across different positions use the same or different parameters?;Different parameters are used from layer to layer.;Attention-Is-All-You-Need 3.3-Position-wise-Feed-Forward-Networks
Attention Is All You Need;3.3 Position-wise Feed-Forward Networks;What does it mean when each layer in the encoder and decoder has its own set of parameters for the feed-forward network?;It means that each layer has its unique set of parameters, separate from other layers in the encoder and decoder.;Attention-Is-All-You-Need 3.3-Position-wise-Feed-Forward-Networks
Attention Is All You Need;3.3 Position-wise Feed-Forward Networks;How can the feed-forward network be described in terms of convolutions?;Another way of describing the feed-forward network is as two convolutions with kernel size 1.;Attention-Is-All-You-Need 3.3-Position-wise-Feed-Forward-Networks
Attention Is All You Need;3.3 Position-wise Feed-Forward Networks;What is the dimensionality of the input and output of the feed-forward network?;The dimensionality of the input and output of the feed-forward network is \(d_{\text{model}} = 512\).;Attention-Is-All-You-Need 3.3-Position-wise-Feed-Forward-Networks
Attention Is All You Need;3.3 Position-wise Feed-Forward Networks;What is the dimensionality of the inner-layer of the feed-forward network?;The inner-layer of the feed-forward network has dimensionality \(d_{\text{ff}} = 2048\).;Attention-Is-All-You-Need 3.3-Position-wise-Feed-Forward-Networks
Attention Is All You Need;3.4 Embeddings and Softmax;What are embeddings used for in sequence transduction models?;To convert input tokens and output tokens to vectors of dimension dmodel.;Attention-Is-All-You-Need 3.4-Embeddings-and-Softmax
Attention Is All You Need;3.4 Embeddings and Softmax;How is the decoder output converted to predicted next-token probabilities?;Using a learned linear transformation and softmax function.;Attention-Is-All-You-Need 3.4-Embeddings-and-Softmax
Attention Is All You Need;3.4 Embeddings and Softmax;How are the embedding layers and the pre-softmax linear transformation connected in the discussed model?;They share the same weight matrix.;Attention-Is-All-You-Need 3.4-Embeddings-and-Softmax
Attention Is All You Need;3.4 Embeddings and Softmax;What happens to the weights in the embedding layers?;They are multiplied by dmodel.;Attention-Is-All-You-Need 3.4-Embeddings-and-Softmax
Attention Is All You Need;3.4 Embeddings and Softmax;What is mentioned as a study in this text?;[24];Attention-Is-All-You-Need 3.4-Embeddings-and-Softmax
Attention Is All You Need;3.4 Embeddings and Softmax;What approach is mentioned in this text?;Sharing the weight matrix between embedding layers and the pre-softmax linear transformation.;Attention-Is-All-You-Need 3.4-Embeddings-and-Softmax
Attention Is All You Need;3.4 Embeddings and Softmax;What is similar between the mentioned study and the approach?;The sharing of the weight matrix between embedding layers and the pre-softmax linear transformation.;Attention-Is-All-You-Need 3.4-Embeddings-and-Softmax
Attention Is All You Need;3.5 Positional Encoding;Why is encoding the order of the sequence necessary in a model without recurrence and convolution?;Since the model contains no recurrence and no convolution, the order of the sequence needs to be encoded.;Attention-Is-All-You-Need 3.5-Positional-Encoding
Attention Is All You Need;3.5 Positional Encoding;What are "positional encodings" and where are they added?;"Positional encodings" are added to the input embeddings.;Attention-Is-All-You-Need 3.5-Positional-Encoding
Attention Is All You Need;3.5 Positional Encoding;What does Table 1 in the text provide?;Table 1 provides information on maximum path lengths, per-layer complexity, and minimum number of sequential operations for different layer types.;Attention-Is-All-You-Need 3.5-Positional-Encoding
Attention Is All You Need;3.5 Positional Encoding;What are the types of layers listed in Table 1?;The types of layers listed in Table 1 include self-attention, recurrent, convolutional, and restricted self-attention layers.;Attention-Is-All-You-Need 3.5-Positional-Encoding
Attention Is All You Need;3.5 Positional Encoding;What does per-layer complexity refer to in Table 1?;Per-layer complexity refers to the complexity of each layer in Table 1.;Attention-Is-All-You-Need 3.5-Positional-Encoding
Attention Is All You Need;3.5 Positional Encoding;What is the significance of the maximum path length mentioned in Table 1?;The maximum path length mentioned in Table 1 represents the longest path between nodes in a given layer.;Attention-Is-All-You-Need 3.5-Positional-Encoding
Attention Is All You Need;3.5 Positional Encoding;Where are positional encodings added?;Positional encodings are added to the bottoms of the encoder and decoder stacks.;Attention-Is-All-You-Need 3.5-Positional-Encoding
Attention Is All You Need;3.5 Positional Encoding;What is the dimension of the positional encodings?;The positional encodings have the same dimension as the embeddings.;Attention-Is-All-You-Need 3.5-Positional-Encoding
Attention Is All You Need;3.5 Positional Encoding;What are the choices for positional encodings?;There are choices of positional encodings, including learned and fixed options.;Attention-Is-All-You-Need 3.5-Positional-Encoding
Attention Is All You Need;3.5 Positional Encoding;How are sine and cosine functions used in the positional encoding?;Sine and cosine functions of different frequencies are used in the positional encoding.;Attention-Is-All-You-Need 3.5-Positional-Encoding
Attention Is All You Need;3.5 Positional Encoding;What are the formulas for positional encodings?;The formulas for positional encodings are:;Attention-Is-All-You-Need 3.5-Positional-Encoding
Attention Is All You Need;3.5 Positional Encoding;What does each dimension of the positional encoding correspond to?;Each dimension of the positional encoding corresponds to a sinusoid with wavelengths forming a geometric progression.;Attention-Is-All-You-Need 3.5-Positional-Encoding
Attention Is All You Need;3.5 Positional Encoding;What does the sinusoidal encoding allow the model to do?;The sinusoidal encoding allows the model to easily learn to attend by relative positions.;Attention-Is-All-You-Need 3.5-Positional-Encoding
Attention Is All You Need;3.5 Positional Encoding;What were learned positional embeddings tested for?;Learned positional embeddings were tested for their effectiveness.;Attention-Is-All-You-Need 3.5-Positional-Encoding
Attention Is All You Need;3.5 Positional Encoding;What were the results when learned positional embeddings were tested?;Learned positional embeddings were found to produce similar results.;Attention-Is-All-You-Need 3.5-Positional-Encoding
Attention Is All You Need;3.5 Positional Encoding;Why was the sinusoidal version of positional embeddings chosen?;The sinusoidal version was chosen because it may allow the model to handle longer sequence lengths than encountered during training.;Attention-Is-All-You-Need 3.5-Positional-Encoding
Attention Is All You Need;4 Why Self-Attention;What does the introduction section of the text discuss?;The comparison between self-attention layers, recurrent layers, and convolutional layers.;Attention-Is-All-You-Need 4-Why-Self-Attention
Attention Is All You Need;4 Why Self-Attention;What is the purpose of these layers?;To map variable-length sequences to another sequence with equal length.;Attention-Is-All-You-Need 4-Why-Self-Attention
Attention Is All You Need;4 Why Self-Attention;What are the three desiderata considered for self-attention?;Computational complexity per layer, parallelizability, and path length between long-range dependencies in the network.;Attention-Is-All-You-Need 4-Why-Self-Attention
Attention Is All You Need;4 Why Self-Attention;What is the motivation behind using self-attention?;The three desiderata mentioned earlier.;Attention-Is-All-You-Need 4-Why-Self-Attention
Attention Is All You Need;4 Why Self-Attention;What is the first desideratum for self-attention?;Computational complexity per layer.;Attention-Is-All-You-Need 4-Why-Self-Attention
Attention Is All You Need;4 Why Self-Attention;What is the second desideratum for self-attention?;Parallelizability.;Attention-Is-All-You-Need 4-Why-Self-Attention
Attention Is All You Need;4 Why Self-Attention;What is the third desideratum for self-attention?;Path length between long-range dependencies in the network.;Attention-Is-All-You-Need 4-Why-Self-Attention
Attention Is All You Need;4 Why Self-Attention;What is the difference in computational complexity between self-attention layers and recurrent layers?;Self-attention layers have a constant number of sequentially executed operations, while recurrent layers require O(n) sequential operations.;Attention-Is-All-You-Need 4-Why-Self-Attention
Attention Is All You Need;4 Why Self-Attention;When are self-attention layers faster than recurrent layers?;When the sequence length is smaller than the representation dimensionality.;Attention-Is-All-You-Need 4-Why-Self-Attention
Attention Is All You Need;4 Why Self-Attention;How can computational performance for very long sequences be addressed in self-attention?;By restricting self-attention to a neighborhood of size r around the output position.;Attention-Is-All-You-Need 4-Why-Self-Attention
Attention Is All You Need;4 Why Self-Attention;What is the issue with a convolutional layer having a kernel width less than n?;It does not connect all input and output positions.;Attention-Is-All-You-Need 4-Why-Self-Attention
Attention Is All You Need;4 Why Self-Attention;How many convolutional layers are required if the kernel width is k < n?;A stack of O(n/k) or O(logk(n)) convolutional layers.;Attention-Is-All-You-Need 4-Why-Self-Attention
Attention Is All You Need;4 Why Self-Attention;In general, how do convolutional layers compare to recurrent layers in terms of cost?;Convolutional layers are generally more expensive than recurrent layers.;Attention-Is-All-You-Need 4-Why-Self-Attention
Attention Is All You Need;4 Why Self-Attention;How do separable convolutions affect complexity compared to contiguous kernels?;Separable convolutions decrease the complexity considerably compared to contiguous kernels.;Attention-Is-All-You-Need 4-Why-Self-Attention
Attention Is All You Need;4 Why Self-Attention;What could self-attention lead to in models?;More interpretable models.;Attention-Is-All-You-Need 4-Why-Self-Attention
Attention Is All You Need;4 Why Self-Attention;What insights can attention distributions from models provide?;Insights into the syntactic and semantic structure of sentences.;Attention-Is-All-You-Need 4-Why-Self-Attention
Attention Is All You Need;5 Training;What does this section focus on?;Describing the training regime for the models.;Attention-Is-All-You-Need 5-Training
Attention Is All You Need;5 Training;Does this section provide specific details about the methods or approaches used in training the models?;No.;Attention-Is-All-You-Need 5-Training
Attention Is All You Need;5 Training;What does the term "training regime" imply?;That there are specific methods or approaches for training the models.;Attention-Is-All-You-Need 5-Training
Attention Is All You Need;5.1 Training Data and Batching;What is the training data used in this study?;The standard WMT 2014 English-German dataset, consisting of about 4.5 million sentence pairs.;Attention-Is-All-You-Need 5.1-Training-Data-and-Batching
Attention Is All You Need;5.1 Training Data and Batching;How are the sentences encoded in this study?;Byte-pair encoding is used, resulting in a shared source-target vocabulary of approximately 37,000 tokens.;Attention-Is-All-You-Need 5.1-Training-Data-and-Batching
Attention Is All You Need;5.1 Training Data and Batching;What is the size of the WMT 2014 English-French dataset used in this study?;It consists of 36 million sentences.;Attention-Is-All-You-Need 5.1-Training-Data-and-Batching
Attention Is All You Need;5.1 Training Data and Batching;How were the tokens in the English-French dataset split?;They were split into a 32,000-word piece vocabulary.;Attention-Is-All-You-Need 5.1-Training-Data-and-Batching
Attention Is All You Need;5.1 Training Data and Batching;How were sentence pairs batched together in the training?;Based on approximate sequence length.;Attention-Is-All-You-Need 5.1-Training-Data-and-Batching
Attention Is All You Need;5.1 Training Data and Batching;What was the approximate amount of source and target tokens in each training batch?;Around 25,000 source tokens and 25,000 target tokens.;Attention-Is-All-You-Need 5.1-Training-Data-and-Batching
Attention Is All You Need;5.2 Hardware and Schedule;What hardware was used for training the models?;One machine with 8 NVIDIA P100 GPUs.;Attention-Is-All-You-Need 5.2-Hardware-and-Schedule
Attention Is All You Need;5.2 Hardware and Schedule;Approximately how long did it take to train the base models per step?;0.4 seconds.;Attention-Is-All-You-Need 5.2-Hardware-and-Schedule
Attention Is All You Need;5.2 Hardware and Schedule;How many steps were the base models trained for?;100,000 steps.;Attention-Is-All-You-Need 5.2-Hardware-and-Schedule
Attention Is All You Need;5.2 Hardware and Schedule;How long did it take to train the base models in total?;12 hours.;Attention-Is-All-You-Need 5.2-Hardware-and-Schedule
Attention Is All You Need;5.2 Hardware and Schedule;How long did it take to train the big models per step?;1.0 seconds.;Attention-Is-All-You-Need 5.2-Hardware-and-Schedule
Attention Is All You Need;5.2 Hardware and Schedule;How many steps were the big models trained for?;300,000 steps.;Attention-Is-All-You-Need 5.2-Hardware-and-Schedule
Attention Is All You Need;5.2 Hardware and Schedule;How long did it take to train the big models in total?;3.5 days.;Attention-Is-All-You-Need 5.2-Hardware-and-Schedule
Attention Is All You Need;5.3 Optimizer;What optimizer was used?;The Adam optimizer was used with \(\beta_1=0.9\), \(\beta_2=0.98\), and \(\epsilon=10^{-9}\).;Attention-Is-All-You-Need 5.3-Optimizer
Attention Is All You Need;5.3 Optimizer;How was the learning rate varied during training?;The learning rate was varied over the course of training according to a formula that is not specified in the given text.;Attention-Is-All-You-Need 5.3-Optimizer
Attention Is All You Need;5.3 Optimizer;What is the formula for the learning rate?;The learning rate is calculated as \(\text{lrate} = d_{\text{model}}^{-0.5} \cdot \min(\text{step\_num}^{-0.5}, \text{step\_num} \cdot \text{warmup\_steps}^{-1.5})\).;Attention-Is-All-You-Need 5.3-Optimizer
Attention Is All You Need;5.3 Optimizer;What does \(d_{\text{model}}\) represent in the learning rate formula?;\(d_{\text{model}}\) represents the size of the model.;Attention-Is-All-You-Need 5.3-Optimizer
Attention Is All You Need;5.3 Optimizer;How is the learning rate affected by the step number and the warmup steps?;The learning rate is influenced by \(\min(\text{step\_num}^{-0.5}, \text{step\_num} \cdot \text{warmup\_steps}^{-1.5})\), where \(\text{step\_num}\) is the current step number and \(\text{warmup\_steps}\) is the number of warmup steps.;Attention-Is-All-You-Need 5.3-Optimizer
Attention Is All You Need;5.3 Optimizer;What does the learning rate formula in this context correspond to?;The learning rate formula corresponds to increasing the learning rate linearly for the first \(\text{warmup\_steps}\) training steps and decreasing it thereafter proportionally to the inverse square root of the step number.;Attention-Is-All-You-Need 5.3-Optimizer
Attention Is All You Need;5.3 Optimizer;What value was used for \(\text{warmup\_steps}\) in this case?;\(\text{warmup\_steps} = 4000\).;Attention-Is-All-You-Need 5.3-Optimizer
Attention Is All You Need;5.4 Regularization;How many types of regularization are employed during training?;Three types.;Attention-Is-All-You-Need 5.4-Regularization
Attention Is All You Need;5.4 Regularization;What is Residual Dropout applied to?;The output of each sub-layer.;Attention-Is-All-You-Need 5.4-Regularization
Attention Is All You Need;5.4 Regularization;What happens to the output of each sub-layer before it is added to the sub-layer input and normalized?;It is subjected to Residual Dropout.;Attention-Is-All-You-Need 5.4-Regularization
Attention Is All You Need;5.4 Regularization;What does Dropout get applied to in the encoder and decoder stacks?;The sums of the embeddings and positional encodings.;Attention-Is-All-You-Need 5.4-Regularization
Attention Is All You Need;5.4 Regularization;What is the dropout rate used for the base model?;Pdrop = 0.1.;Attention-Is-All-You-Need 5.4-Regularization
Attention Is All You Need;5.4 Regularization;What does Table 2 compare according to the text?;BLEU scores and training costs of various models.;Attention-Is-All-You-Need 5.4-Regularization
Attention Is All You Need;5.4 Regularization;Which newstest2014 tests are the comparisons based on?;English-to-German and English-to-French tests.;Attention-Is-All-You-Need 5.4-Regularization
Attention Is All You Need;5.4 Regularization;How does the performance of the Transformer model compare to previous state-of-the-art models?;The Transformer model achieves better BLEU scores.;Attention-Is-All-You-Need 5.4-Regularization
Attention Is All You Need;5.4 Regularization;What is notable about the training cost of the Transformer model?;It has a fraction of the training cost compared to previous state-of-the-art models.;Attention-Is-All-You-Need 5.4-Regularization
Attention Is All You Need;5.4 Regularization;What additional information is provided in the table?;The table lists the models, their BLEU scores, and their training costs in FLOPs.;Attention-Is-All-You-Need 5.4-Regularization
Attention Is All You Need;5.4 Regularization;What is the value used for label smoothing during training?;ls = 0.1.;Attention-Is-All-You-Need 5.4-Regularization
Attention Is All You Need;5.4 Regularization;How does label smoothing affect perplexity?;It may hurt perplexity.;Attention-Is-All-You-Need 5.4-Regularization
Attention Is All You Need;5.4 Regularization;What does label smoothing improve?;Accuracy and BLEU score.;Attention-Is-All-You-Need 5.4-Regularization
Attention Is All You Need;6 Results;What task did the big transformer model outperform previously reported models on?;The WMT 2014 English-to-German translation task.;Attention-Is-All-You-Need 6-Results
Attention Is All You Need;6 Results;What is the new state-of-the-art BLEU score achieved by the big transformer model?;28.4.;Attention-Is-All-You-Need 6-Results
Attention Is All You Need;6 Results;What is described regarding the big transformer model?;Its configuration and training time.;Attention-Is-All-You-Need 6-Results
Attention Is All You Need;6 Results;How does the base model compare to previously published models and ensembles?;It surpasses them at a lower training cost.;Attention-Is-All-You-Need 6-Results
Attention Is All You Need;6 Results;What is the BLEU score achieved by the big model on the English-to-French translation task?;41.0.;Attention-Is-All-You-Need 6-Results
Attention Is All You Need;6 Results;How does the big model compare to previously published single models?;It outperforms them.;Attention-Is-All-You-Need 6-Results
Attention Is All You Need;6 Results;What is the training cost of the big model compared to previously published single models?;Lower.;Attention-Is-All-You-Need 6-Results
Attention Is All You Need;6 Results;What adjustment is mentioned for this model?;The dropout rate.;Attention-Is-All-You-Need 6-Results
Attention Is All You Need;6 Results;What is the process described to obtain the final model?;Averaging the last few checkpoints.;Attention-Is-All-You-Need 6-Results
Attention Is All You Need;6 Results;What details are provided about hyperparameters?;The hyperparameters used in beam search and length penalty.;Attention-Is-All-You-Need 6-Results
Attention Is All You Need;6 Results;What is set during inference?;The maximum output length.;Attention-Is-All-You-Need 6-Results
Attention Is All You Need;6 Results;What is mentioned regarding the termination of inference?;Termination of inference is mentioned if possible.;Attention-Is-All-You-Need 6-Results
Attention Is All You Need;6 Results;What is summarized in Table 2?;The results and the comparison of translation quality and training costs.;Attention-Is-All-You-Need 6-Results
Attention Is All You Need;6 Results;What is Table 2 comparing the translation quality and training costs to?;Other model architectures from the literature.;Attention-Is-All-You-Need 6-Results
Attention Is All You Need;6 Results;What is explained in regards to training a model?;The estimation of the floating point operations used for training.;Attention-Is-All-You-Need 6-Results
Attention Is All You Need;6.2 Model Variations;What is the purpose of evaluating different components of the Transformer model?;To determine their importance.;Attention-Is-All-You-Need 6.2-Model-Variations
Attention Is All You Need;6.2 Model Variations;How was the base model varied?;In different ways.;Attention-Is-All-You-Need 6.2-Model-Variations
Attention Is All You Need;6.2 Model Variations;What was the measure of performance used in evaluating the model variations?;The change in performance on English-to-German translation on the development set.;Attention-Is-All-You-Need 6.2-Model-Variations
Attention Is All You Need;6.2 Model Variations;What evaluation method was used?;Beam search.;Attention-Is-All-You-Need 6.2-Model-Variations
Attention Is All You Need;6.2 Model Variations;What does Table 3 show?;Table 3 shows the variations on the Transformer architecture.;Attention-Is-All-You-Need 6.2-Model-Variations
Attention Is All You Need;6.2 Model Variations;What does it mean to vary the number of attention heads and the attention key and value dimensions?;Varying the number of attention heads means changing the number of attention mechanisms in the Transformer. Varying the attention key and value dimensions means changing the dimensionality of the key and value vectors used in the attention mechanism.;Attention-Is-All-You-Need 6.2-Model-Variations
Attention Is All You Need;6.2 Model Variations;What remains constant while varying the number of attention heads and the attention key and value dimensions?;The amount of computation remains constant.;Attention-Is-All-You-Need 6.2-Model-Variations
Attention Is All You Need;6.2 Model Variations;What is the performance of single-head attention compared to the best setting?;Single-head attention is 0.9 BLEU worse than the best setting.;Attention-Is-All-You-Need 6.2-Model-Variations
Attention Is All You Need;6.2 Model Variations;How does having too many attention heads affect the quality?;Having too many heads also decreases quality.;Attention-Is-All-You-Need 6.2-Model-Variations
Attention Is All You Need;6.2 Model Variations;What is listed in Table 3?;The metrics for performance on English-to-German translation.;Attention-Is-All-You-Need 6.2-Model-Variations
Attention Is All You Need;6.2 Model Variations;How are perplexities measured in English-to-German translation?;Perplexities are measured per-wordpiece, according to the byte-pair encoding used, and should not be compared to per-word perplexities.;Attention-Is-All-You-Need 6.2-Model-Variations
Attention Is All You Need;6.2 Model Variations;What variations in model parameters does row (B) show?;Row (B) shows the variation in attention key size, where reducing the key size hurts model quality.;Attention-Is-All-You-Need 6.2-Model-Variations
Attention Is All You Need;6.2 Model Variations;What does rows (C) and (D) demonstrate?;Rows (C) and (D) demonstrate that bigger models perform better, and dropout is useful for avoiding overfitting.;Attention-Is-All-You-Need 6.2-Model-Variations
Attention Is All You Need;6.2 Model Variations;What does row (E) replace in the model?;Row (E) replaces sinusoidal positional encoding with learned positional embeddings.;Attention-Is-All-You-Need 6.2-Model-Variations
Attention Is All You Need;6.2 Model Variations;What are the observations for row (E) in relation to the base model?;The observations for row (E) are that similar results to the base model are observed with the replacement of sinusoidal positional encoding with learned positional embeddings.;Attention-Is-All-You-Need 6.2-Model-Variations
Attention Is All You Need;7 Conclusion;What is the Transformer presented as?;The first sequence transduction model based entirely on attention.;Attention-Is-All-You-Need 7-Conclusion
Attention Is All You Need;7 Conclusion;What does the Transformer replace in encoder-decoder architectures?;The recurrent layers.;Attention-Is-All-You-Need 7-Conclusion
Attention Is All You Need;7 Conclusion;What is used instead of recurrent layers in the Transformer?;Multi-headed self-attention.;Attention-Is-All-You-Need 7-Conclusion
Attention Is All You Need;7 Conclusion;What is an advantage of the Transformer for translation tasks compared to architectures based on recurrent or convolutional layers?;Faster training time.;Attention-Is-All-You-Need 7-Conclusion
Attention Is All You Need;7 Conclusion;What translation tasks does the Transformer achieve a new state of the art in?;English-to-German and English-to-French translation.;Attention-Is-All-You-Need 7-Conclusion
Attention Is All You Need;7 Conclusion;What are the authors excited about in relation to attention-based models?;The future of attention-based models.;Attention-Is-All-You-Need 7-Conclusion
Attention Is All You Need;7 Conclusion;What is one plan the authors have for attention-based models?;To apply them to other tasks.;Attention-Is-All-You-Need 7-Conclusion
Attention Is All You Need;7 Conclusion;Besides text, what other input and output modalities do the authors intend to handle with the Transformer?;Images, audio, and video.;Attention-Is-All-You-Need 7-Conclusion
Attention Is All You Need;7 Conclusion;What type of attention mechanisms are the authors planning to investigate?;Local, restricted attention mechanisms.;Attention-Is-All-You-Need 7-Conclusion
Attention Is All You Need;7 Conclusion;What is the goal of investigating local, restricted attention mechanisms?;To efficiently handle large inputs and outputs.;Attention-Is-All-You-Need 7-Conclusion
Attention Is All You Need;7 Conclusion;What is the research goal related to the generation process?;Making generation less sequential.;Attention-Is-All-You-Need 7-Conclusion
Attention Is All You Need;7 Conclusion;Where can the code used to train and evaluate the models be found?;At the provided GitHub link.;Attention-Is-All-You-Need 7-Conclusion
Attention Is All You Need;7 Conclusion;Who are the authors grateful to for their comments, corrections, and inspiration?;Nal Kalchbrenner and Stephan Gouws.;Attention-Is-All-You-Need 7-Conclusion
